{"cameraMode":{"drawMode":0,"name":"Shaded","section":"Shading Mode"},"sceneLighting":true,"audioPlay":false,"sceneViewState":{"showFog":true,"showMaterialUpdate":false,"showSkybox":true,"showFlares":true,"showImageEffects":true,"showParticleSystems":true},"in2DMode":false,"pivot":{"x":-10.160030364990235,"y":0.0,"z":11.0096435546875},"rotation":{"x":0.07334394007921219,"y":0.05857846140861511,"z":-0.0038762595504522325,"w":0.9957262873649597},"size":6.645235538482666,"orthographic":false}