{"cameraMode":{"drawMode":0,"name":"Shaded","section":"Shading Mode"},"sceneLighting":true,"audioPlay":false,"sceneViewState":{"showFog":true,"showMaterialUpdate":false,"showSkybox":true,"showFlares":true,"showImageEffects":true,"showParticleSystems":true},"in2DMode":false,"pivot":{"x":-14.45583724975586,"y":-0.07445156574249268,"z":10.92784309387207},"rotation":{"x":0.06967969238758087,"y":-0.6418164968490601,"z":0.05913056060671806,"w":0.7616031169891357},"size":11.134842872619629,"orthographic":false}